date,open,high,low,close,adj_close,volume
2018-12-31,171.47000122070312,173.24000549316406,170.64999389648438,171.82000732421875,160.06512451171875,4206000
2019-01-02,169.7100067138672,173.17999267578125,169.0500030517578,172.41000366210938,160.61477661132812,4242900
2019-01-03,171.83999633789062,171.83999633789062,168.2100067138672,168.61000061035156,157.0747528076172,4810500
2019-01-04,170.17999267578125,174.74000549316406,169.52000427246094,173.6199951171875,161.74197387695312,4762600
2019-01-07,173.8300018310547,178.17999267578125,173.8300018310547,177.0399932861328,164.9280242919922,4928800
2019-01-08,178.57000732421875,179.58999633789062,175.61000061035156,177.88999938964844,165.71986389160156,4722400
2019-01-09,177.8699951171875,181.27000427246094,177.10000610351562,179.72999572753906,167.4339599609375,4922000
2019-01-10,178.02999877929688,179.24000549316406,176.33999633789062,179.05999755859375,166.80982971191406,3605300
2019-01-11,177.92999267578125,180.25999450683594,177.1199951171875,179.41000366210938,167.13587951660156,3285100
2019-01-14,177.58999633789062,179.22999572753906,176.89999389648438,178.80999755859375,166.576904296875,3871400
2019-01-15,176.0800018310547,177.82000732421875,175.1999969482422,176.47000122070312,164.3970184326172,5016100
2019-01-16,177.08999633789062,177.92999267578125,175.86000061035156,177.0399932861328,164.9280242919922,4075400
2019-01-17,174.00999450683594,175.4600067138672,172.0,174.8699951171875,162.90647888183594,6499200
2019-01-18,176.97999572753906,180.0399932861328,176.17999267578125,179.5800018310547,167.29425048828125,6371100
2019-01-22,177.49000549316406,178.60000610351562,175.36000061035156,177.11000061035156,164.9932403564453,6272700
2019-01-23,176.58999633789062,178.05999755859375,174.52999877929688,176.88999938964844,164.7882843017578,4910400
2019-01-24,177.0,177.52999877929688,175.3000030517578,177.2899932861328,165.16090393066406,3860100
2019-01-25,179.77999877929688,180.8699951171875,178.61000061035156,180.39999389648438,168.05812072753906,4501800
2019-01-28,178.97000122070312,179.99000549316406,177.41000366210938,179.8300018310547,167.52713012695312,4091400
2019-01-29,178.9600067138672,180.14999389648438,178.08999633789062,179.69000244140625,167.396728515625,3686900
2019-01-30,180.47000122070312,184.1999969482422,179.77999877929688,182.17999267578125,169.71636962890625,5197700
2019-01-31,181.5,184.6699981689453,181.05999755859375,183.52999877929688,170.97401428222656,5138000
2019-02-01,184.02999877929688,185.14999389648438,182.8300018310547,184.3699951171875,171.75653076171875,4513100
2019-02-04,184.3000030517578,186.42999267578125,183.83999633789062,186.42999267578125,173.67559814453125,3050200
2019-02-05,186.88999938964844,186.99000549316406,184.69000244140625,186.38999938964844,173.63833618164062,4135200
2019-02-06,186.69000244140625,186.69000244140625,184.05999755859375,184.72000122070312,172.08262634277344,3072500
2019-02-07,183.74000549316406,184.9199981689453,182.4499969482422,184.07000732421875,171.47708129882812,2793400
2019-02-08,183.0500030517578,184.5800018310547,182.72000122070312,184.5399932861328,171.9149169921875,2792300
2019-02-11,185.0,185.4199981689453,182.75,182.9199981689453,170.40573120117188,3729200
2019-02-12,183.83999633789062,186.39999389648438,183.52000427246094,185.52000427246094,172.8278350830078,3773200
2019-02-13,186.3000030517578,188.67999267578125,185.9199981689453,188.41000366210938,175.52012634277344,4146900
2019-02-14,187.5,188.92999267578125,186.0,187.7100067138672,174.86805725097656,2600600
2019-02-15,189.8699951171875,192.6199951171875,189.0500030517578,192.38999938964844,179.22789001464844,4997900
2019-02-19,191.7100067138672,193.19000244140625,191.27999877929688,192.3300018310547,179.17198181152344,3828400
2019-02-20,192.38999938964844,192.39999389648438,191.11000061035156,191.85000610351562,178.7248077392578,3970100
2019-02-21,191.85000610351562,192.3699951171875,190.61000061035156,191.82000732421875,178.69686889648438,3094200
2019-02-22,191.69000244140625,192.5399932861328,191.6199951171875,192.38999938964844,179.22789001464844,3321600
2019-02-25,192.75,193.4199981689453,189.9600067138672,189.97999572753906,176.98275756835938,6190700
2019-02-26,185.58999633789062,188.47000122070312,182.8000030517578,188.3000030517578,175.41769409179688,13635100
2019-02-27,187.89999389648438,188.5,183.2100067138672,183.6699981689453,171.1044464111328,8766200
2019-02-28,183.60000610351562,185.19000244140625,183.11000061035156,185.13999938964844,172.47386169433594,8060600
2019-03-01,185.82000732421875,186.55999755859375,182.86000061035156,185.1699981689453,172.50180053710938,5481300
2019-03-04,186.1999969482422,186.24000549316406,182.10000610351562,183.80999755859375,171.23484802246094,5046800
2019-03-05,184.24000549316406,185.1199951171875,183.25,184.0,171.41188049316406,3691000
2019-03-06,184.52999877929688,184.97000122070312,183.83999633789062,184.4499969482422,171.83106994628906,4460900
2019-03-07,184.38999938964844,184.6199951171875,181.5800018310547,182.50999450683594,170.02378845214844,4122200
2019-03-08,181.49000549316406,181.91000366210938,179.52000427246094,181.22999572753906,168.83135986328125,3867100
2019-03-11,182.0,183.1999969482422,181.1999969482422,182.44000244140625,169.95858764648438,3866200
2019-03-12,183.42999267578125,184.27000427246094,182.3300018310547,184.0,171.41188049316406,3777000
2019-03-13,183.24000549316406,183.77999877929688,181.0800018310547,181.13999938964844,170.00408935546875,4528300
2019-03-14,181.27999877929688,181.74000549316406,180.5,181.61000061035156,170.44520568847656,4393000
2019-03-15,182.3000030517578,182.49000549316406,179.57000732421875,182.22999572753906,171.02708435058594,8059100
2019-03-18,182.52999877929688,183.47999572753906,182.3300018310547,183.4199981689453,172.14390563964844,4395800
2019-03-19,184.19000244140625,185.82000732421875,183.47999572753906,184.1300048828125,172.81027221679688,4437100
2019-03-20,184.3000030517578,187.1199951171875,183.42999267578125,186.10000610351562,174.65916442871094,4772600
2019-03-21,185.5,190.0,185.5,189.97000122070312,178.29122924804688,4755700
2019-03-22,189.30999755859375,192.0500030517578,188.6699981689453,188.75,177.146240234375,5173600
2019-03-25,188.75,191.7100067138672,188.50999450683594,189.67999267578125,178.01904296875,3845900
2019-03-26,190.69000244140625,192.19000244140625,188.74000549316406,189.33999633789062,177.699951171875,4143300
2019-03-27,189.64999389648438,191.61000061035156,188.38999938964844,189.25,177.61549377441406,4298400
2019-03-28,189.91000366210938,191.39999389648438,189.16000366210938,190.05999755859375,178.37571716308594,3326100
2019-03-29,190.85000610351562,192.0399932861328,190.13999938964844,191.88999938964844,180.0931854248047,4674100
2019-04-01,192.99000549316406,195.89999389648438,192.85000610351562,195.63999938964844,183.61265563964844,5381400
2019-04-02,195.5,195.5,194.02000427246094,194.30999755859375,182.36444091796875,2717800
2019-04-03,194.97999572753906,198.7899932861328,194.11000061035156,198.61000061035156,186.4000701904297,4581500
2019-04-04,199.0,200.49000549316406,198.02000427246094,200.4499969482422,188.126953125,3138400
2019-04-05,200.86000061035156,203.1300048828125,200.61000061035156,202.05999755859375,189.63800048828125,3615300
2019-04-08,201.3699951171875,203.7899932861328,201.24000549316406,203.5500030517578,191.036376953125,3040900
2019-04-09,202.25999450683594,202.7100067138672,200.4600067138672,200.89999389648438,188.5492706298828,3721700
2019-04-10,201.25999450683594,201.60000610351562,198.02000427246094,199.42999267578125,187.16966247558594,3587500
2019-04-11,199.89999389648438,201.5,199.02999877929688,201.47999572753906,189.0936279296875,2465100
2019-04-12,202.1300048828125,204.25999450683594,202.1300048828125,203.85000610351562,191.3179473876953,3097900
2019-04-15,204.16000366210938,205.13999938964844,203.39999389648438,204.86000061035156,192.265869140625,3049900
2019-04-16,205.25,205.99000549316406,204.2899932861328,204.47000122070312,191.8998260498047,3271400
2019-04-17,205.33999633789062,206.83999633789062,205.32000732421875,206.5500030517578,193.85195922851562,3271900
2019-04-18,206.02000427246094,207.77999877929688,205.10000610351562,205.66000366210938,193.01666259765625,3162500
2019-04-22,204.11000061035156,206.25,204.0,204.77999877929688,192.19078063964844,2593900
2019-04-23,205.13999938964844,207.3300018310547,203.42999267578125,206.0500030517578,193.38270568847656,3702600
2019-04-24,206.16000366210938,208.3000030517578,205.5399932861328,206.72000122070312,194.01148986816406,2750900
2019-04-25,206.00999450683594,207.72000122070312,205.05999755859375,206.5,193.8050079345703,3292100
2019-04-26,205.8800048828125,206.13999938964844,203.33999633789062,203.61000061035156,191.09266662597656,3560300
2019-04-29,203.30999755859375,203.8000030517578,200.33999633789062,202.16000366210938,189.73182678222656,3785200
2019-04-30,201.5500030517578,203.75,200.7899932861328,203.6999969482422,191.17715454101562,3415600
2019-05-01,203.1999969482422,203.52000427246094,198.66000366210938,198.8000030517578,186.5784149169922,4644700
2019-05-02,199.3000030517578,201.05999755859375,198.8000030517578,201.00999450683594,188.6525115966797,2810000
2019-05-03,202.0,202.30999755859375,200.32000732421875,200.55999755859375,188.23019409179688,3583400
2019-05-06,198.74000549316406,199.92999267578125,198.30999755859375,199.6300048828125,187.3573760986328,2619400
2019-05-07,196.75,197.64999389648438,192.9600067138672,194.77000427246094,182.79617309570312,4622100
2019-05-08,194.49000549316406,196.61000061035156,193.67999267578125,195.1699981689453,183.1715850830078,3122600
2019-05-09,193.30999755859375,195.0800018310547,191.58999633789062,194.5800018310547,182.61781311035156,2917700
2019-05-10,193.2100067138672,195.49000549316406,190.00999450683594,194.5800018310547,182.61781311035156,3863600
2019-05-13,191.0,191.66000366210938,189.13999938964844,190.33999633789062,178.63848876953125,3325900
2019-05-14,190.5,192.75999450683594,190.00999450683594,191.6199951171875,179.83981323242188,3663600
2019-05-15,190.80999755859375,192.80999755859375,190.27000427246094,191.75999450683594,179.97119140625,3355800
2019-05-16,192.47000122070312,194.9600067138672,192.1999969482422,192.3800048828125,180.5530548095703,3854000
2019-05-17,190.86000061035156,194.5,190.75,192.5800018310547,180.74078369140625,5223800
2019-05-20,191.1300048828125,192.86000061035156,190.61000061035156,190.9499969482422,179.2110137939453,4782800
2019-05-21,187.1300048828125,192.52000427246094,186.33999633789062,191.4499969482422,179.6802520751953,8555600
2019-05-22,190.49000549316406,192.22000122070312,188.0500030517578,188.91000366210938,177.29641723632812,5706000
2019-05-23,188.4499969482422,192.5399932861328,186.27000427246094,192.0,180.1964569091797,7754000
2019-05-24,192.5399932861328,193.86000061035156,190.41000366210938,193.58999633789062,181.68870544433594,3799500
2019-05-28,194.3800048828125,196.47000122070312,191.35000610351562,191.5500030517578,179.7741241455078,5165800
2019-05-29,190.27999877929688,191.8800048828125,188.02999877929688,189.99000549316406,178.30999755859375,4569900
2019-05-30,190.1300048828125,192.5,190.08999633789062,191.0800018310547,179.33299255371094,3029800
2019-05-31,189.63999938964844,190.2899932861328,188.66000366210938,189.85000610351562,178.17861938476562,3681500
2019-06-03,189.52000427246094,191.8699951171875,188.75,189.57000732421875,177.91583251953125,4620200
2019-06-04,191.5800018310547,195.5,191.4199981689453,195.25,183.24664306640625,5118100
2019-06-05,194.00999450683594,196.72000122070312,193.0800018310547,196.69000244140625,185.89292907714844,3704600
2019-06-06,196.64999389648438,197.64999389648438,194.9600067138672,197.1699981689453,186.34658813476562,3732900
2019-06-07,197.1999969482422,199.02000427246094,196.2100067138672,197.3000030517578,186.46945190429688,3522300
2019-06-10,198.55999755859375,199.85000610351562,197.32000732421875,198.0500030517578,187.1782989501953,3154500
2019-06-11,199.02000427246094,200.83999633789062,195.83999633789062,198.00999450683594,187.14047241210938,3708500
2019-06-12,198.80999755859375,200.19000244140625,197.97999572753906,198.94000244140625,188.01943969726562,2551500
2019-06-13,199.9499969482422,202.67999267578125,199.4499969482422,202.35000610351562,191.24227905273438,3630900
2019-06-14,201.30999755859375,206.5,201.30999755859375,205.77000427246094,194.4744873046875,4898000
2019-06-17,207.0,208.7899932861328,206.0,206.97999572753906,195.6180877685547,4620500
2019-06-18,208.10000610351562,210.1699981689453,207.11000061035156,207.47999572753906,196.09063720703125,3891300
2019-06-19,207.89999389648438,208.47999572753906,205.89999389648438,207.94000244140625,196.525390625,3648200
2019-06-20,209.57000732421875,211.66000366210938,209.30999755859375,211.25,199.65367126464844,5171500
2019-06-21,211.25999450683594,211.99000549316406,209.0800018310547,209.38999938964844,197.8957977294922,9855000
2019-06-24,208.14999389648438,209.25999450683594,205.1199951171875,205.5,194.2193145751953,4943500
2019-06-25,206.3000030517578,207.10000610351562,204.1999969482422,204.74000549316406,193.5010528564453,3587900
2019-06-26,205.33999633789062,207.32000732421875,204.64999389648438,206.4199981689453,195.0888214111328,3071200
2019-06-27,207.61000061035156,208.0,206.00999450683594,207.02000427246094,195.65589904785156,2286800
2019-06-28,207.77000427246094,209.0,207.38999938964844,207.97000122070312,196.5537567138672,11069000
2019-07-01,209.6999969482422,212.30999755859375,208.1699981689453,210.27999877929688,198.73692321777344,4097700
2019-07-02,210.24000549316406,210.25999450683594,208.4600067138672,210.13999938964844,198.60462951660156,3160500
2019-07-03,209.82000732421875,212.75,209.6999969482422,212.10000610351562,200.45704650878906,2183700
2019-07-05,209.97000122070312,212.1699981689453,209.72999572753906,211.4600067138672,199.85215759277344,2547800
2019-07-08,210.97999572753906,213.44000244140625,210.58999633789062,212.91000366210938,201.22256469726562,2705300
2019-07-09,211.92999267578125,213.3300018310547,211.1999969482422,212.0,200.36253356933594,2397400
2019-07-10,210.72000122070312,211.32000732421875,208.8300018310547,210.75,199.1811065673828,3457400
2019-07-11,212.25,214.0800018310547,211.02000427246094,214.0399932861328,202.29052734375,3450100
2019-07-12,215.0,218.25,214.61000061035156,218.22999572753906,206.25051879882812,4429800
2019-07-15,218.9499969482422,219.3000030517578,216.80999755859375,218.6999969482422,206.6947021484375,3141300
2019-07-16,217.3000030517578,218.35000610351562,216.72999572753906,217.25999450683594,205.33375549316406,2657400
2019-07-17,216.72999572753906,217.5800018310547,215.61000061035156,215.61000061035156,203.77435302734375,3037300
2019-07-18,215.5,216.22999572753906,213.00999450683594,214.44000244140625,202.6685791015625,3068000
2019-07-19,214.6699981689453,215.22999572753906,212.92999267578125,213.0399932861328,201.34542846679688,3254800
2019-07-22,213.0,213.25999450683594,210.3800048828125,211.27000427246094,199.67257690429688,2764900
2019-07-23,212.57000732421875,214.1300048828125,211.72999572753906,213.0800018310547,201.38320922851562,2589900
2019-07-24,213.19000244140625,214.7899932861328,213.07000732421875,214.7100067138672,202.92376708984375,2207100
2019-07-25,214.27999877929688,215.9199981689453,213.6300048828125,215.5500030517578,203.71763610839844,2335300
2019-07-26,215.52999877929688,217.2100067138672,214.10000610351562,216.91000366210938,205.00299072265625,2675500
2019-07-29,216.7899932861328,218.27000427246094,216.35000610351562,218.0399932861328,206.07095336914062,2407200
2019-07-30,217.52000427246094,218.58999633789062,216.86000061035156,217.36000061035156,205.4282989501953,2172600
2019-07-31,216.35000610351562,217.8000030517578,212.1699981689453,213.69000244140625,201.95973205566406,3426400
2019-08-01,214.13999938964844,217.61000061035156,212.02000427246094,212.8300018310547,201.14695739746094,3431500
2019-08-02,211.86000061035156,213.13999938964844,211.0800018310547,212.14999389648438,200.50428771972656,2884900
2019-08-05,209.52999877929688,209.9600067138672,204.0800018310547,204.94000244140625,193.6900634765625,4553200
2019-08-06,205.00999450683594,209.08999633789062,204.5,208.8000030517578,197.3381805419922,3646800
2019-08-07,206.0399932861328,208.5,203.1300048828125,207.91000366210938,196.49703979492188,3901100
2019-08-08,209.6999969482422,211.69000244140625,208.72000122070312,211.57000732421875,199.95611572265625,2968000
2019-08-09,211.4499969482422,212.41000366210938,207.9499969482422,210.02000427246094,198.49119567871094,2912100
2019-08-12,208.10000610351562,209.63999938964844,206.14999389648438,207.00999450683594,195.64645385742188,2005000
2019-08-13,206.30999755859375,211.6199951171875,204.77999877929688,208.3300018310547,196.89398193359375,3876700
2019-08-14,204.4600067138672,205.36000061035156,201.50999450683594,201.58999633789062,190.52395629882812,4582100
2019-08-15,203.0,203.75999450683594,199.0500030517578,201.7899932861328,190.71299743652344,4199700
2019-08-16,203.75,204.42999267578125,201.6699981689453,203.64999389648438,192.4708709716797,4093600
2019-08-19,206.97999572753906,208.82000732421875,205.3000030517578,207.9499969482422,196.53482055664062,6413600
2019-08-20,213.5,217.85000610351562,212.1699981689453,217.08999633789062,205.17311096191406,12452600
2019-08-21,218.72999572753906,220.8800048828125,216.75999450683594,220.39999389648438,208.30140686035156,7938600
2019-08-22,220.0500030517578,222.66000366210938,219.8800048828125,221.02000427246094,208.88739013671875,4544600
2019-08-23,219.89999389648438,220.8699951171875,216.00999450683594,217.47000122070312,205.53225708007812,5769300
2019-08-26,218.4600067138672,219.5,216.17999267578125,218.64999389648438,206.6474609375,3680200
2019-08-27,219.5500030517578,220.41000366210938,217.91000366210938,218.2100067138672,206.2316436767578,4311700
2019-08-28,217.8800048828125,222.08999633789062,217.11000061035156,221.9499969482422,209.76632690429688,3066700
2019-08-29,223.89999389648438,227.6999969482422,223.75999450683594,227.32000732421875,214.841552734375,4184200
2019-08-30,228.42999267578125,229.27000427246094,226.69000244140625,227.91000366210938,215.39915466308594,3768300
2019-09-03,226.4499969482422,227.6300048828125,223.3800048828125,224.07000732421875,211.76995849609375,4139400
2019-09-04,223.9499969482422,224.14999389648438,220.6699981689453,224.14999389648438,213.1392059326172,3132900
2019-09-05,226.3000030517578,228.77999877929688,226.25,228.14999389648438,216.9427032470703,3373100
2019-09-06,228.6999969482422,231.3699951171875,227.8800048828125,231.1300048828125,219.77635192871094,3237900
2019-09-09,231.5,233.8699951171875,230.0800018310547,232.8699951171875,221.43087768554688,4449100
2019-09-10,232.25,233.02000427246094,229.7100067138672,233.0,221.55447387695312,4210600
2019-09-11,232.92999267578125,233.67999267578125,231.02000427246094,232.66000366210938,221.23118591308594,2978300
2019-09-12,233.4199981689453,235.49000549316406,233.11000061035156,233.8000030517578,222.31517028808594,3366100
2019-09-13,234.3300018310547,234.97000122070312,232.3300018310547,233.97999572753906,222.48634338378906,3805500
2019-09-16,232.72999572753906,233.61000061035156,230.61000061035156,230.99000549316406,219.64321899414062,3120200
2019-09-17,226.7899932861328,230.3300018310547,226.47000122070312,230.2100067138672,218.90151977539062,3732500
2019-09-18,230.3699951171875,231.52999877929688,229.00999450683594,230.8300018310547,219.4910888671875,3341800
2019-09-19,231.14999389648438,231.39999389648438,227.9499969482422,228.1199951171875,216.91419982910156,3134000
2019-09-20,227.99000549316406,230.0500030517578,224.22999572753906,224.6699981689453,213.6336669921875,7687700
2019-09-23,224.16000366210938,227.13999938964844,223.9499969482422,226.25,215.1360321044922,2754000
2019-09-24,228.13999938964844,230.24000549316406,224.77999877929688,225.41000366210938,214.3373260498047,4511300
2019-09-25,226.58999633789062,228.4499969482422,224.5,228.10000610351562,216.8951873779297,3716700
2019-09-26,229.67999267578125,231.1199951171875,229.0,229.7899932861328,218.50216674804688,4200600
2019-09-27,231.61000061035156,231.75,229.1300048828125,229.86000061035156,218.56874084472656,3152000
2019-09-30,230.19000244140625,232.58999633789062,230.1199951171875,232.02000427246094,220.6226348876953,3249200
2019-10-01,233.00999450683594,234.50999450683594,230.72000122070312,231.0800018310547,219.72879028320312,3335400
2019-10-02,230.60000610351562,230.60000610351562,224.33999633789062,225.5500030517578,214.47042846679688,4336100
2019-10-03,225.0,226.80999755859375,222.1199951171875,226.80999755859375,215.6685333251953,2777700
2019-10-04,227.1699981689453,229.2100067138672,227.02000427246094,227.92999267578125,216.7335205078125,3163100
2019-10-07,227.50999450683594,228.1300048828125,226.0500030517578,226.74000549316406,215.60198974609375,2917600
2019-10-08,225.36000061035156,228.77999877929688,225.10000610351562,226.6699981689453,215.53543090820312,3438500
2019-10-09,228.5,229.55999755859375,226.61000061035156,228.94000244140625,217.6938934326172,2657600
2019-10-10,229.33999633789062,232.24000549316406,229.0800018310547,231.61000061035156,220.23275756835938,2781500
2019-10-11,234.32000732421875,236.6999969482422,233.75999450683594,234.66000366210938,223.1329345703125,3459200
2019-10-14,234.22000122070312,235.49000549316406,234.05999755859375,234.17999267578125,222.676513671875,2183900
2019-10-15,234.69000244140625,236.86000061035156,234.60000610351562,235.6199951171875,224.0457763671875,2663300
2019-10-16,235.4199981689453,236.1699981689453,233.83999633789062,235.89999389648438,224.31202697753906,2388100
2019-10-17,236.36000061035156,238.1699981689453,235.50999450683594,236.77000427246094,225.13931274414062,2250500
2019-10-18,236.99000549316406,238.72999572753906,235.63999938964844,237.92999267578125,226.2423095703125,3662500
2019-10-21,238.25999450683594,238.99000549316406,235.61000061035156,236.6999969482422,225.07272338867188,2041700
2019-10-22,237.3000030517578,238.3000030517578,236.52000427246094,237.1999969482422,225.5481719970703,2003200
2019-10-23,236.66000366210938,237.41000366210938,234.36000061035156,234.6699981689453,223.14244079589844,2110500
2019-10-24,234.80999755859375,236.3699951171875,233.07000732421875,233.88999938964844,222.4007568359375,2173900
2019-10-25,233.49000549316406,235.4199981689453,232.5500030517578,234.3800048828125,222.86669921875,2210900
2019-10-28,234.9499969482422,236.9600067138672,234.55999755859375,236.8000030517578,225.16783142089844,2705000
2019-10-29,236.83999633789062,237.5,233.9199981689453,234.13999938964844,222.6385040283203,2558000
2019-10-30,233.50999450683594,236.60000610351562,232.8800048828125,236.24000549316406,224.63534545898438,1956700
2019-10-31,236.86000061035156,237.38999938964844,233.22000122070312,234.5800018310547,223.05686950683594,2824100
2019-11-01,236.07000732421875,237.4499969482422,235.05999755859375,237.33999633789062,225.68128967285156,2197400
2019-11-04,238.27000427246094,238.38999938964844,233.8800048828125,234.9199981689453,223.38015747070312,2542400
2019-11-05,234.74000549316406,234.9199981689453,230.27000427246094,232.1999969482422,220.7937774658203,3624600
2019-11-06,232.8300018310547,234.0399932861328,231.88999938964844,234.00999450683594,222.51486206054688,2631900
2019-11-07,234.0,235.7899932861328,231.75999450683594,232.94000244140625,221.4974365234375,2832500
2019-11-08,232.8000030517578,233.25999450683594,231.6300048828125,232.83999633789062,221.40232849121094,2088400
2019-11-11,230.5,232.27999877929688,230.17999267578125,231.8000030517578,220.4134063720703,2309600
2019-11-12,232.14999389648438,234.6300048828125,232.0,233.1199951171875,221.6685791015625,2991100
2019-11-13,232.08999633789062,234.89999389648438,230.85000610351562,234.8000030517578,223.26608276367188,2399600
2019-11-14,235.0,236.94000244140625,234.0399932861328,236.5500030517578,224.9300994873047,2282200
2019-11-15,237.69000244140625,238.0500030517578,236.36000061035156,237.2899932861328,225.63372802734375,3524700
2019-11-18,238.44000244140625,239.30999755859375,236.75999450683594,238.85000610351562,227.1171112060547,5747400
2019-11-19,230.60000610351562,233.1199951171875,225.39999389648438,225.86000061035156,214.7652130126953,14972200
2019-11-20,224.5500030517578,225.0,220.57000732421875,220.89999389648438,210.04885864257812,10225400
2019-11-21,221.94000244140625,222.30999755859375,218.5,218.5399932861328,207.8047637939453,7823700
2019-11-22,218.5,219.1300048828125,217.80999755859375,218.02999877929688,207.31985473632812,5786500
2019-11-25,218.0,218.52999877929688,216.8800048828125,218.39999389648438,207.67166137695312,8865400
2019-11-26,218.75999450683594,220.9600067138672,218.38999938964844,220.75999450683594,209.9157257080078,9981400
2019-11-27,221.67999267578125,223.4499969482422,220.66000366210938,223.0,212.04568481445312,6687500
2019-11-29,223.3000030517578,223.3300018310547,220.2899932861328,220.50999450683594,209.67800903320312,2952900
2019-12-02,220.89999389648438,221.19000244140625,217.4600067138672,217.6199951171875,206.9299774169922,4416300
2019-12-03,216.4499969482422,216.4499969482422,212.92999267578125,214.0,203.48782348632812,6505400
2019-12-04,213.5,214.9600067138672,213.19000244140625,214.10000610351562,204.8849639892578,4256200
2019-12-05,214.36000061035156,214.5,211.77000427246094,213.0,203.8323211669922,4580500
2019-12-06,214.2100067138672,215.36000061035156,213.89999389648438,214.27999877929688,205.05722045898438,4193700
2019-12-09,214.2899932861328,217.8800048828125,214.17999267578125,216.52999877929688,207.21038818359375,5111100
2019-12-10,216.52000427246094,216.69000244140625,215.10000610351562,215.89999389648438,206.60748291015625,4663000
2019-12-11,211.02999877929688,213.64999389648438,210.61000061035156,212.0,202.8753662109375,8284800
2019-12-12,212.5,214.1300048828125,210.72999572753906,212.0399932861328,202.9136199951172,9915100
2019-12-13,212.1199951171875,214.22999572753906,210.6699981689453,214.0800018310547,204.86582946777344,6869200
2019-12-16,214.42999267578125,216.72000122070312,214.3000030517578,215.52999877929688,206.25341796875,5850300
2019-12-17,216.02000427246094,219.4499969482422,215.8699951171875,217.72000122070312,208.34918212890625,7574400
2019-12-18,218.2100067138672,219.58999633789062,217.63999938964844,218.0,208.6171112060547,6677400
2019-12-19,218.47999572753906,220.77000427246094,218.27999877929688,220.22000122070312,210.74156188964844,5405000
2019-12-20,220.58999633789062,221.57000732421875,219.8000030517578,221.19000244140625,211.6697998046875,7778200
2019-12-23,222.0,222.0,219.13999938964844,219.2100067138672,209.77505493164062,3943700
2019-12-24,219.5,221.0399932861328,219.22000122070312,220.6699981689453,211.1721954345703,2260700
2019-12-26,220.74000549316406,221.14999389648438,219.58999633789062,220.82000732421875,211.31573486328125,2649200
2019-12-27,221.1999969482422,221.7899932861328,219.77999877929688,219.97000122070312,210.50230407714844,3082800
2019-12-30,220.3699951171875,220.49000549316406,216.5500030517578,217.30999755859375,207.95681762695312,3952400
2019-12-31,217.10000610351562,218.50999450683594,216.44000244140625,218.3800048828125,208.98074340820312,3789900
2020-01-02,219.0800018310547,219.75999450683594,217.83999633789062,219.66000366210938,210.20565795898438,3935700
2020-01-03,217.13999938964844,219.67999267578125,216.75,218.92999267578125,209.50706481933594,3423200
2020-01-06,216.49000549316406,220.0,216.39999389648438,219.9600067138672,210.49276733398438,5682800
2020-01-07,219.5,220.55999755859375,216.89999389648438,218.52000427246094,209.11473083496094,5685400
2020-01-08,218.8000030517578,222.97000122070312,218.6699981689453,221.7899932861328,212.2439727783203,4916200
2020-01-09,222.63999938964844,225.5500030517578,221.85000610351562,225.19000244140625,215.49765014648438,4843600
2020-01-10,224.75,225.49000549316406,223.02999877929688,224.22000122070312,214.5694122314453,4226600
2020-01-13,224.5,224.50999450683594,222.67999267578125,223.33999633789062,213.727294921875,6060900
2020-01-14,222.47999572753906,224.9499969482422,222.30999755859375,222.80999755859375,213.22007751464844,3915100
2020-01-15,222.27999877929688,224.97999572753906,222.1300048828125,224.58999633789062,214.9234619140625,3444300
2020-01-16,225.92999267578125,228.86000061035156,225.39999389648438,228.82000732421875,218.97142028808594,5390800
2020-01-17,229.61000061035156,232.60000610351562,228.91000366210938,231.91000366210938,221.92840576171875,7979200
2020-01-21,231.52999877929688,233.66000366210938,231.05999755859375,232.9499969482422,222.9236602783203,4873500
2020-01-22,233.7899932861328,236.52999877929688,232.8800048828125,232.89999389648438,222.8758087158203,4030800
2020-01-23,232.1300048828125,234.82000732421875,230.63999938964844,233.64999389648438,223.59352111816406,4617900
2020-01-24,234.4600067138672,235.42999267578125,230.55999755859375,232.0,222.01455688476562,4467500
2020-01-27,228.1999969482422,232.47000122070312,228.1999969482422,231.19000244140625,221.2394256591797,3595600
2020-01-28,231.82000732421875,235.25,231.35000610351562,233.86000061035156,223.7944793701172,3621900
2020-01-29,234.89999389648438,235.8800048828125,233.39999389648438,234.02000427246094,223.94760131835938,2564000
2020-01-30,232.0,233.3000030517578,231.57000732421875,232.7899932861328,222.77053833007812,4685700
2020-01-31,232.9600067138672,233.22999572753906,227.88999938964844,228.10000610351562,218.28240966796875,5304700
2020-02-03,230.3000030517578,233.52999877929688,229.35000610351562,231.5399932861328,221.5743408203125,5100900
2020-02-04,234.02999877929688,236.36000061035156,234.02999877929688,235.0,224.8854217529297,3505100
2020-02-05,237.10000610351562,238.32000732421875,235.86000061035156,238.11000061035156,227.86155700683594,3868600
2020-02-06,238.0,239.41000366210938,237.47999572753906,238.83999633789062,228.56015014648438,3930300
2020-02-07,238.83999633789062,239.52999877929688,236.52000427246094,237.3000030517578,227.08642578125,2456100
2020-02-10,236.60000610351562,240.61000061035156,236.17999267578125,240.61000061035156,230.2539520263672,2568000
2020-02-11,240.61000061035156,242.4499969482422,240.1999969482422,241.63999938964844,231.2396240234375,2692400
2020-02-12,242.1300048828125,242.3000030517578,238.83999633789062,241.58999633789062,231.19180297851562,3592100
2020-02-13,240.97000122070312,243.60000610351562,240.39999389648438,242.36000061035156,231.9286346435547,2468100
2020-02-14,243.44000244140625,245.1999969482422,242.6300048828125,245.02999877929688,234.48370361328125,2841600
2020-02-18,244.83999633789062,246.11000061035156,243.16000366210938,243.94000244140625,233.4406280517578,2892600
2020-02-19,244.91000366210938,245.5,243.00999450683594,243.63999938964844,233.15353393554688,2713300
2020-02-20,243.69000244140625,247.1199951171875,242.14999389648438,247.02000427246094,236.3880615234375,3701800
2020-02-21,246.5,247.36000061035156,244.0,245.33999633789062,234.78038024902344,3881100
2020-02-24,238.47999572753906,243.11000061035156,237.6999969482422,239.6999969482422,229.3831329345703,5350100
2020-02-25,246.10000610351562,246.97000122070312,236.47999572753906,237.3800048828125,227.16299438476562,8061500
2020-02-26,239.10000610351562,241.0399932861328,234.32000732421875,235.27999877929688,225.1533660888672,6963000
2020-02-27,231.07000732421875,234.82000732421875,224.57000732421875,224.72999572753906,215.0574493408203,7612800
2020-02-28,218.6300048828125,221.05999755859375,212.3300018310547,217.83999633789062,208.4639892578125,11809600
2020-03-02,219.97999572753906,230.0,218.49000549316406,229.94000244140625,220.04319763183594,7150800
2020-03-03,230.02999877929688,235.82000732421875,225.57000732421875,227.94000244140625,218.12930297851562,8432500
2020-03-04,233.00999450683594,241.32000732421875,231.8000030517578,241.0800018310547,230.70372009277344,6770000
2020-03-05,236.60000610351562,239.61000061035156,233.14999389648438,234.80999755859375,224.70359802246094,6473900
2020-03-06,227.57000732421875,230.2899932861328,222.25,228.50999450683594,218.67474365234375,7399900
2020-03-09,213.8699951171875,216.17999267578125,207.25,210.4600067138672,201.40162658691406,10120500
2020-03-10,217.2100067138672,225.8300018310547,211.0,225.6999969482422,215.98568725585938,7206600
2020-03-11,217.3000030517578,219.14999389648438,210.5,212.88999938964844,205.09007263183594,7253900
2020-03-12,195.41000366210938,206.5800018310547,184.83999633789062,190.58999633789062,183.60711669921875,10928700
2020-03-13,200.4499969482422,205.82000732421875,190.0,205.6699981689453,198.1345977783203,10292300
2020-03-16,181.97000122070312,186.10000610351562,163.11000061035156,164.9600067138672,158.91615295410156,12536600
2020-03-17,168.2100067138672,174.77999877929688,155.3000030517578,173.63999938964844,167.27813720703125,16234400
2020-03-18,159.8000030517578,162.3300018310547,140.6300048828125,155.6300048828125,149.927978515625,14681900
2020-03-19,153.16000366210938,162.91000366210938,142.0,161.1300048828125,155.22647094726562,13499100
2020-03-20,162.77999877929688,170.22000122070312,151.80999755859375,152.14999389648438,146.57546997070312,12602400
2020-03-23,150.05999755859375,164.92999267578125,146.33999633789062,162.38999938964844,156.4403076171875,12241600
2020-03-24,173.38999938964844,185.6699981689453,172.00999450683594,184.72000122070312,177.95217895507812,14676600
2020-03-25,184.4199981689453,191.5500030517578,180.0,181.75999450683594,175.10061645507812,11497400
2020-03-26,183.49000549316406,198.1999969482422,182.5,195.2100067138672,188.05784606933594,10170300
2020-03-27,188.49000549316406,196.3800048828125,186.5,190.5500030517578,183.56857299804688,7121700
2020-03-30,190.57000732421875,198.1999969482422,187.61000061035156,196.10000610351562,188.91525268554688,6936700
2020-03-31,194.8000030517578,195.49000549316406,185.4499969482422,186.7100067138672,179.86927795410156,7335400
2020-04-01,175.91000366210938,182.75999450683594,175.0,178.6300048828125,172.08529663085938,7858200
2020-04-02,174.9499969482422,182.72000122070312,174.0,181.30999755859375,174.6671142578125,6353900
2020-04-03,179.55999755859375,181.35000610351562,174.94000244140625,178.6999969482422,172.1527557373047,7299800
2020-04-06,188.0,192.41000366210938,185.1300048828125,191.3300018310547,184.3199920654297,7454000
2020-04-07,202.9199981689453,204.11000061035156,191.85000610351562,192.2899932861328,185.24481201171875,6438800
2020-04-08,194.2100067138672,196.77000427246094,191.5399932861328,194.82000732421875,187.68214416503906,6094700
2020-04-09,199.8000030517578,205.99000549316406,196.5,201.52999877929688,194.1462860107422,7125100
2020-04-13,200.4499969482422,200.4499969482422,195.3699951171875,198.7899932861328,191.50665283203125,4415600
2020-04-14,201.8800048828125,209.72999572753906,200.1300048828125,207.1699981689453,199.57965087890625,5655400
2020-04-15,198.6699981689453,202.24000549316406,196.61000061035156,198.47999572753906,191.2080078125,5693900
2020-04-16,199.1199951171875,202.2100067138672,196.82000732421875,199.85000610351562,192.52786254882812,7262800
2020-04-17,207.1699981689453,210.25,206.16000366210938,209.4199981689453,201.7471923828125,6717600
2020-04-20,206.1300048828125,211.02999877929688,205.36000061035156,206.0500030517578,198.5006866455078,4753100
2020-04-21,200.75,204.33999633789062,199.50999450683594,200.61000061035156,193.260009765625,4845000
2020-04-22,201.88999938964844,205.7100067138672,201.13999938964844,204.1699981689453,196.68955993652344,4067700
2020-04-23,203.32000732421875,206.97000122070312,202.19000244140625,202.32000732421875,194.90736389160156,3565500
2020-04-24,204.72999572753906,212.92999267578125,203.85000610351562,212.17999267578125,204.4060821533203,5025200
2020-04-27,215.0399932861328,220.94000244140625,214.00999450683594,217.75999450683594,209.78164672851562,5472800
2020-04-28,223.99000549316406,224.22000122070312,216.91000366210938,217.6300048828125,209.65643310546875,5080700
2020-04-29,221.33999633789062,224.1699981689453,219.82000732421875,221.80999755859375,213.68325805664062,4381100
2020-04-30,216.7899932861328,222.11000061035156,216.52000427246094,219.8300018310547,211.7758026123047,5152700
2020-05-01,216.77000427246094,219.6999969482422,215.77000427246094,218.57000732421875,210.56198120117188,3819300
2020-05-04,216.67999267578125,222.66000366210938,215.2100067138672,221.83999633789062,213.71217346191406,4090900
2020-05-05,224.94000244140625,228.85000610351562,223.61000061035156,225.61000061035156,217.34405517578125,4655200
2020-05-06,227.3699951171875,228.44000244140625,223.8000030517578,223.9199981689453,215.71597290039062,3321100
2020-05-07,226.50999450683594,231.6300048828125,226.4199981689453,229.4499969482422,221.04336547851562,4501300
2020-05-08,232.6999969482422,235.5500030517578,231.14999389648438,234.42999267578125,225.84088134765625,4365200
2020-05-11,231.77000427246094,238.77000427246094,231.25,236.55999755859375,227.892822265625,4378300
2020-05-12,238.57000732421875,239.25,232.89999389648438,232.89999389648438,224.366943359375,4399600
2020-05-13,233.0399932861328,236.3000030517578,228.5399932861328,230.10000610351562,221.66954040527344,6237200
2020-05-14,226.3699951171875,234.66000366210938,226.1999969482422,234.47999572753906,225.88905334472656,6434500
2020-05-15,232.7899932861328,243.22999572753906,232.6999969482422,239.3300018310547,230.56138610839844,16176300
2020-05-18,245.83999633789062,248.32000732421875,244.0399932861328,245.35000610351562,236.3607940673828,8314800
2020-05-19,240.4499969482422,242.4600067138672,237.8000030517578,238.10000610351562,229.37644958496094,9387000
2020-05-20,242.0,242.27000427246094,234.9499969482422,238.19000244140625,229.46311950683594,7534200
2020-05-21,237.6199951171875,241.17999267578125,235.7899932861328,240.8800048828125,232.05458068847656,4772700
2020-05-22,240.6999969482422,242.33999633789062,238.66000366210938,241.8800048828125,233.01792907714844,3041800
2020-05-26,248.14999389648438,248.22000122070312,242.07000732421875,242.47999572753906,233.59593200683594,4535200
2020-05-27,242.69000244140625,247.38999938964844,240.77999877929688,247.36000061035156,238.29714965820312,4664800
2020-05-28,249.52000427246094,252.22999572753906,244.42999267578125,245.13999938964844,236.1584930419922,5259300
2020-05-29,245.05999755859375,249.7100067138672,244.72999572753906,248.47999572753906,239.37611389160156,5341600
2020-06-01,249.41000366210938,249.77999877929688,245.8699951171875,247.2899932861328,238.22970581054688,3407800
2020-06-02,248.6300048828125,252.72000122070312,247.0,252.7100067138672,243.45114135742188,5301000
2020-06-03,251.8000030517578,252.8300018310547,250.38999938964844,251.0,243.24761962890625,4638100
2020-06-04,249.77000427246094,252.1699981689453,247.47000122070312,248.9499969482422,241.26095581054688,4759400
2020-06-05,252.33999633789062,255.85000610351562,250.3800048828125,254.89999389648438,247.02716064453125,5054300
2020-06-08,252.49000549316406,256.80999755859375,252.25999450683594,256.7699890136719,248.83938598632812,3811900
2020-06-09,255.3300018310547,258.2900085449219,253.86000061035156,256.760009765625,248.82974243164062,3716100
2020-06-10,257.45001220703125,259.2900085449219,254.22000122070312,254.4499969482422,246.591064453125,3589800
2020-06-11,248.86000061035156,250.6199951171875,238.74000549316406,239.47000122070312,232.07374572753906,6563700
2020-06-12,243.07000732421875,246.38999938964844,237.0500030517578,242.4499969482422,234.96170043945312,5238500
2020-06-15,237.6199951171875,242.22000122070312,234.30999755859375,241.36000061035156,233.90536499023438,6250900
2020-06-16,249.39999389648438,251.64999389648438,242.8699951171875,249.9499969482422,242.2300567626953,5291600
2020-06-17,252.77000427246094,254.6199951171875,250.0800018310547,250.85000610351562,243.10226440429688,4234000
2020-06-18,249.36000061035156,251.75,247.1300048828125,249.2100067138672,241.512939453125,3347800
2020-06-19,253.10000610351562,254.3000030517578,246.3800048828125,246.64999389648438,239.031982421875,11114600
2020-06-22,245.6999969482422,250.05999755859375,245.50999450683594,249.16000366210938,241.4644775390625,3815200
2020-06-23,253.0,253.44000244140625,250.1300048828125,250.30999755859375,242.5789337158203,3105300
2020-06-24,247.80999755859375,250.2899932861328,242.72999572753906,246.1300048828125,238.52804565429688,3873000
2020-06-25,244.8000030517578,246.35000610351562,242.1999969482422,245.3800048828125,237.8012237548828,2938400
2020-06-26,245.35000610351562,246.10000610351562,240.25,241.00999450683594,233.566162109375,5002700
2020-06-29,242.66000366210938,246.5,240.33999633789062,246.1199951171875,238.5183563232422,3468300
2020-06-30,247.0,251.64999389648438,246.08999633789062,250.50999450683594,242.7727508544922,4524600
2020-07-01,249.64999389648438,250.3300018310547,246.92999267578125,248.14999389648438,240.48565673828125,3677300
2020-07-02,251.94000244140625,252.3000030517578,247.9199981689453,248.5,240.82484436035156,3369800
2020-07-06,250.27000427246094,251.5,247.0399932861328,249.5500030517578,241.84242248535156,3133800
2020-07-07,247.3699951171875,250.77999877929688,247.07000732421875,247.35000610351562,239.7103729248047,2927800
2020-07-08,247.8699951171875,249.7899932861328,246.22000122070312,249.1699981689453,241.4741668701172,2294000
2020-07-09,249.66000366210938,250.50999450683594,246.35000610351562,247.9600067138672,240.30152893066406,2994700
2020-07-10,248.2899932861328,250.3300018310547,246.63999938964844,250.11000061035156,242.38511657714844,2745300
2020-07-13,251.9199981689453,257.8599853515625,249.08999633789062,249.6199951171875,241.91024780273438,4437500
2020-07-14,249.0,258.17999267578125,248.4600067138672,257.7900085449219,249.82791137695312,4614200
2020-07-15,260.1400146484375,261.2900085449219,255.14999389648438,257.79998779296875,249.83761596679688,4343700
2020-07-16,256.760009765625,260.5,256.0,258.0799865722656,250.10894775390625,2511200
2020-07-17,260.0299987792969,260.6499938964844,257.7200012207031,260.3800048828125,252.3379364013672,3091300
2020-07-20,259.0400085449219,261.20001220703125,258.0199890136719,260.1700134277344,252.13442993164062,2451100
2020-07-21,261.6199951171875,263.8699951171875,260.7200012207031,262.4200134277344,254.31491088867188,2439900
2020-07-22,262.5899963378906,265.5899963378906,262.0,265.1700134277344,256.9800109863281,2750000
2020-07-23,267.79998779296875,267.79998779296875,261.79998779296875,263.80999755859375,255.66197204589844,2680100
2020-07-24,265.0400085449219,266.8900146484375,262.989990234375,265.30999755859375,257.1156311035156,2984500
2020-07-27,265.0899963378906,268.67999267578125,265.0899963378906,267.4200134277344,259.1605224609375,2412500
2020-07-28,268.55999755859375,269.07000732421875,264.6700134277344,265.2799987792969,257.0865783691406,2227000
2020-07-29,264.79998779296875,267.1099853515625,264.1700134277344,264.6600036621094,256.4857177734375,2874100
2020-07-30,263.3399963378906,267.3500061035156,261.54998779296875,266.30999755859375,258.08477783203125,2347800
2020-07-31,265.0,267.1700134277344,260.6099853515625,265.489990234375,257.2900390625,3640600
2020-08-03,266.7300109863281,268.5799865722656,265.6700134277344,266.17999267578125,257.95880126953125,2363500
2020-08-04,266.6300048828125,267.8900146484375,263.8399963378906,267.8699951171875,259.5965270996094,2224000
2020-08-05,268.3900146484375,268.3900146484375,265.8900146484375,267.4800109863281,259.2185974121094,1959900
2020-08-06,266.6000061035156,270.44000244140625,266.5299987792969,269.3699951171875,261.05023193359375,2203400
2020-08-07,270.6099853515625,274.9200134277344,269.80999755859375,271.6400146484375,263.2501525878906,2846300
2020-08-10,272.4200134277344,275.0,271.79998779296875,274.7300109863281,266.24468994140625,2393100
2020-08-11,277.69000244140625,279.3699951171875,274.4100036621094,274.9200134277344,266.4288635253906,3321300
2020-08-12,279.75,282.9700012207031,276.9599914550781,281.5799865722656,272.88311767578125,3867900
2020-08-13,281.1600036621094,282.6499938964844,279.739990234375,281.6600036621094,272.960693359375,2202400
2020-08-14,281.1400146484375,282.0,279.19000244140625,280.54998779296875,271.88494873046875,2490400
2020-08-17,284.3999938964844,289.2200012207031,283.57000732421875,288.239990234375,279.33740234375,5584400
2020-08-18,288.8999938964844,290.5799865722656,283.0400085449219,285.0,276.197509765625,6934300
2020-08-19,287.4599914550781,287.9700012207031,281.92999267578125,282.8599853515625,274.1235656738281,4986800
2020-08-20,280.5400085449219,281.9100036621094,279.44000244140625,280.67999267578125,272.0109558105469,3530000
2020-08-21,279.9700012207031,283.54998779296875,278.4200134277344,283.2300109863281,274.482177734375,5519100
2020-08-24,284.989990234375,286.8500061035156,281.9200134277344,286.75,277.8934631347656,4430900
2020-08-25,287.2699890136719,287.4800109863281,283.8900146484375,286.1300048828125,277.2926330566406,2854500
2020-08-26,287.7300109863281,292.1199951171875,286.2699890136719,291.92999267578125,282.9134216308594,4001900
2020-08-27,292.2200012207031,292.95001220703125,286.55999755859375,288.6300048828125,279.71539306640625,3430900
2020-08-28,288.30999755859375,288.8299865722656,284.7699890136719,286.2900085449219,277.4476318359375,3100100
2020-08-31,285.0,286.69000244140625,282.8699951171875,285.0400085449219,276.23626708984375,4105400
2020-09-01,284.0299987792969,286.67999267578125,283.5,285.94000244140625,277.1084899902344,3235100
2020-09-02,284.8500061035156,288.0400085449219,283.6000061035156,287.20001220703125,279.79736328125,3464600
2020-09-03,287.29998779296875,287.70001220703125,272.1700134277344,274.6300048828125,267.55133056640625,5380100
2020-09-04,275.54998779296875,276.7699890136719,264.6700134277344,269.6600036621094,262.70941162109375,5253500
2020-09-08,267.1099853515625,271.0400085449219,262.80999755859375,269.260009765625,262.3197326660156,5241200
2020-09-09,272.4599914550781,279.739990234375,271.75,277.0400085449219,269.89923095703125,4754700
2020-09-10,278.010009765625,280.9800109863281,271.1700134277344,272.70001220703125,265.67108154296875,3156300
2020-09-11,273.9800109863281,277.9800109863281,273.4599914550781,276.3299865722656,269.20751953125,3729200
2020-09-14,278.54998779296875,282.4599914550781,278.0199890136719,280.6499938964844,273.41619873046875,3055800
2020-09-15,283.0400085449219,286.70001220703125,282.3800048828125,285.5799865722656,278.2190856933594,4174900
2020-09-16,285.6099853515625,286.5799865722656,280.67999267578125,281.6300048828125,274.37091064453125,3379100
2020-09-17,277.9100036621094,282.7200012207031,276.9599914550781,279.9599914550781,272.7439880371094,3166600
2020-09-18,278.4100036621094,279.8299865722656,270.80999755859375,275.19000244140625,268.096923828125,6072900
2020-09-21,271.8699951171875,272.8999938964844,266.5299987792969,272.3500061035156,265.3301086425781,3548000
2020-09-22,271.67999267578125,273.5199890136719,270.6300048828125,273.30999755859375,266.2653503417969,2972000
2020-09-23,275.4200134277344,276.6199951171875,264.69000244140625,266.54998779296875,259.6795959472656,4467600
2020-09-24,265.7099914550781,269.70001220703125,263.8800048828125,265.70001220703125,258.85150146484375,3095600
2020-09-25,264.19000244140625,270.1499938964844,263.9200134277344,268.54998779296875,261.6280517578125,2457700
2020-09-28,271.92999267578125,274.2200012207031,270.29998779296875,272.3299865722656,265.31060791015625,3061100
2020-09-29,273.3999938964844,273.8399963378906,271.1099853515625,272.1099853515625,265.0962829589844,2048900
2020-09-30,273.4800109863281,279.9200134277344,272.5199890136719,277.7099914550781,270.5519104003906,4778800
2020-10-01,279.44000244140625,280.0,275.8500061035156,277.6199951171875,270.4642639160156,2696900
2020-10-02,274.94000244140625,281.0799865722656,274.1000061035156,279.30999755859375,272.1107177734375,2943600
2020-10-05,280.9200134277344,282.4200134277344,279.70001220703125,282.1000061035156,274.8287658691406,2330700
2020-10-06,282.5,283.0,275.7699890136719,276.4700012207031,269.3438720703125,2992500
2020-10-07,280.8500061035156,284.0,280.0,282.7900085449219,275.5010070800781,3423700
2020-10-08,283.8399963378906,284.95001220703125,281.1700134277344,284.5199890136719,277.1864013671875,2256200
2020-10-09,285.4700012207031,287.2799987792969,284.0899963378906,285.9200134277344,278.55029296875,2240100
2020-10-12,287.3900146484375,288.3299865722656,286.05999755859375,286.9100036621094,279.51483154296875,2411900
2020-10-13,285.70001220703125,290.7699890136719,285.70001220703125,290.3599853515625,282.8758850097656,2699900
2020-10-14,289.510009765625,290.29998779296875,285.1499938964844,287.0899963378906,279.6901550292969,2221000
2020-10-15,284.1199951171875,290.25,283.1199951171875,287.5400085449219,280.1285705566406,2699400
2020-10-16,288.25,292.6499938964844,287.25,287.6600036621094,280.2455139160156,3108600
2020-10-19,289.760009765625,290.1099853515625,283.3800048828125,283.7300109863281,276.41680908203125,2428100
2020-10-20,285.1400146484375,289.7900085449219,284.1300048828125,286.0400085449219,278.667236328125,2281500
2020-10-21,285.3900146484375,288.0199890136719,283.2799987792969,284.510009765625,277.1766662597656,2304500
2020-10-22,283.92999267578125,285.67999267578125,280.6499938964844,281.1600036621094,273.9129943847656,2787000
2020-10-23,282.3800048828125,283.19000244140625,279.54998779296875,283.0,275.70562744140625,1750600
2020-10-26,279.6400146484375,281.5299987792969,272.0,276.0400085449219,268.92498779296875,2911900
2020-10-27,276.989990234375,279.7300109863281,276.1199951171875,276.8399963378906,269.7043762207031,3014100
2020-10-28,270.25,273.6700134277344,268.69000244140625,269.7200012207031,262.7679138183594,3255900
2020-10-29,269.69000244140625,273.70001220703125,267.30999755859375,269.6300048828125,262.6802062988281,2872500
2020-10-30,268.82000732421875,269.6199951171875,262.0299987792969,266.7099914550781,259.8354797363281,3872800
2020-11-02,270.1499938964844,274.7799987792969,268.5199890136719,270.739990234375,263.7615966796875,2956400
2020-11-03,274.8500061035156,279.5299987792969,273.7200012207031,277.3699951171875,270.220703125,3037500
2020-11-04,276.760009765625,287.0400085449219,276.010009765625,282.7200012207031,275.43280029296875,3525300
2020-11-05,288.3500061035156,289.0,284.0799865722656,285.8500061035156,278.48211669921875,2516600
2020-11-06,286.7300109863281,286.7799987792969,282.8500061035156,284.239990234375,276.9136047363281,2839100
2020-11-09,287.9800109863281,288.4200134277344,269.4700012207031,269.9700012207031,263.0114440917969,7856400
2020-11-10,272.7900085449219,275.7900085449219,269.25,275.57000732421875,268.46710205078125,4828500
2020-11-11,277.32000732421875,281.69000244140625,276.1700134277344,277.75,270.5909118652344,2987900
2020-11-12,283.0,283.69000244140625,273.8399963378906,276.239990234375,269.11981201171875,3818600
2020-11-13,276.4200134277344,279.7300109863281,275.260009765625,277.1700134277344,270.02587890625,3939200
2020-11-16,279.17999267578125,281.2900085449219,276.3999938964844,279.57000732421875,272.364013671875,5360200
2020-11-17,272.1000061035156,273.5299987792969,269.3999938964844,272.4700012207031,265.447021484375,8532200
2020-11-18,270.5,275.3800048828125,269.0,269.8299865722656,262.87506103515625,5122200
2020-11-19,270.4200134277344,272.3800048828125,268.70001220703125,270.92999267578125,263.9466857910156,3929400
2020-11-20,271.45001220703125,272.3699951171875,268.8699951171875,269.80999755859375,262.8555908203125,4111000
2020-11-23,270.010009765625,273.69000244140625,269.54998779296875,271.3999938964844,264.40460205078125,3294200
2020-11-24,274.0,275.54998779296875,272.57000732421875,273.30999755859375,266.2653503417969,4773400
2020-11-25,273.4800109863281,274.739990234375,271.2099914550781,273.9599914550781,266.8985900878906,3001700
2020-11-27,275.239990234375,276.5799865722656,274.3599853515625,275.989990234375,268.87628173828125,1625300
2020-11-30,275.2200012207031,277.760009765625,271.9200134277344,277.4100036621094,270.2596740722656,4624100
2020-12-01,278.7300109863281,278.95001220703125,275.54998779296875,276.6000061035156,269.47052001953125,3942400
2020-12-02,273.9700012207031,274.1099853515625,269.57000732421875,271.1000061035156,265.55242919921875,4168600
2020-12-03,270.6300048828125,271.92999267578125,267.1400146484375,268.1400146484375,262.6529846191406,4168900
2020-12-04,267.4700012207031,268.7300109863281,262.82000732421875,263.989990234375,258.587890625,7732800
2020-12-07,263.5,264.5,261.0,262.6400146484375,257.2655029296875,6379000
2020-12-08,261.7200012207031,262.5,258.7300109863281,261.7200012207031,256.3643798828125,5338100
2020-12-09,264.6099853515625,265.7699890136719,262.25,265.5799865722656,260.1453857421875,4550100
2020-12-10,264.0799865722656,266.07000732421875,262.1099853515625,264.80999755859375,259.39111328125,4234300
2020-12-11,263.3599853515625,265.3599853515625,262.6499938964844,264.54998779296875,259.1364440917969,3454500
2020-12-14,266.1400146484375,268.6000061035156,265.2699890136719,265.5799865722656,260.1453857421875,4576800
2020-12-15,267.510009765625,268.760009765625,266.20001220703125,267.9800109863281,262.49627685546875,3754100
2020-12-16,268.5299987792969,270.75,267.510009765625,269.5899963378906,264.0732727050781,4669600
2020-12-17,272.1600036621094,274.3299865722656,271.29998779296875,273.9700012207031,268.3636779785156,4247000
2020-12-18,274.5899963378906,275.739990234375,270.29998779296875,270.45001220703125,264.91571044921875,9817000
2020-12-21,268.55999755859375,271.95001220703125,265.8800048828125,270.989990234375,265.44464111328125,4339000
2020-12-22,270.05999755859375,271.3599853515625,268.510009765625,270.0400085449219,264.5141296386719,3140100
2020-12-23,270.05999755859375,271.0,268.20001220703125,269.80999755859375,264.288818359375,2337100
2020-12-24,269.44000244140625,271.3599853515625,269.3999938964844,270.9200134277344,265.3760986328125,1093900
2020-12-28,272.1700134277344,272.25,269.239990234375,269.25,263.7402648925781,2633800
2020-12-29,269.9800109863281,270.4599914550781,265.07000732421875,266.19000244140625,260.7428894042969,2572100
2020-12-30,266.1099853515625,267.29998779296875,264.9200134277344,265.260009765625,259.8319396972656,2511400
2020-12-31,265.57000732421875,265.95001220703125,263.5799865722656,265.6199951171875,260.1845397949219,2607900
2021-01-04,266.010009765625,266.44000244140625,261.05999755859375,263.9200134277344,258.5193786621094,5002000
2021-01-05,262.6600036621094,266.5299987792969,262.260009765625,266.04998779296875,260.6057434082031,3822600
2021-01-06,264.05999755859375,269.7699890136719,261.8699951171875,267.57000732421875,262.09466552734375,3949200
2021-01-07,266.95001220703125,268.7799987792969,266.1700134277344,266.260009765625,260.81146240234375,3833200
2021-01-08,267.3500061035156,270.7300109863281,267.0,269.0899963378906,263.5835266113281,3757700
2021-01-11,267.4700012207031,273.3699951171875,267.260009765625,271.2300109863281,265.6797790527344,3764400
2021-01-12,271.1099853515625,277.94000244140625,270.6499938964844,276.3299865722656,270.6753845214844,4030900
2021-01-13,278.30999755859375,280.4800109863281,273.94000244140625,274.04998779296875,268.4420166015625,3921400
2021-01-14,274.5,274.8999938964844,267.6700134277344,268.3399963378906,262.848876953125,4641400
2021-01-15,268.6300048828125,276.3900146484375,268.0,275.5899963378906,269.9505310058594,5131700
2021-01-19,278.0,278.0,273.0199890136719,273.19000244140625,267.5996398925781,3615800
2021-01-20,273.25,277.2099914550781,271.5,274.29998779296875,268.68695068359375,3498400
2021-01-21,276.2200012207031,280.70001220703125,275.6700134277344,279.04998779296875,273.3397216796875,4397900
2021-01-22,279.260009765625,285.0799865722656,277.8699951171875,284.0,278.1884460449219,4501900
2021-01-25,283.8500061035156,285.7699890136719,281.4200134277344,285.0799865722656,279.246337890625,4025900
2021-01-26,285.4200134277344,285.6499938964844,281.70001220703125,282.6000061035156,276.81707763671875,2472200
2021-01-27,279.989990234375,280.80999755859375,273.0799865722656,274.04998779296875,268.4420166015625,4337000
2021-01-28,276.1700134277344,282.9599914550781,274.92999267578125,278.04998779296875,272.3601989746094,3463000
2021-01-29,275.80999755859375,277.05999755859375,270.0299987792969,270.82000732421875,265.2781677246094,4079500
2021-02-01,271.2300109863281,272.6499938964844,267.25,270.07000732421875,264.54351806640625,3707800
2021-02-02,270.0,275.69000244140625,269.989990234375,272.1600036621094,266.5907287597656,4111800
2021-02-03,271.8900146484375,275.7200012207031,270.7099914550781,274.1700134277344,268.5596008300781,2802700
2021-02-04,274.25,279.44000244140625,274.25,278.82000732421875,273.11444091796875,2976000
2021-02-05,280.2900085449219,281.760009765625,277.80999755859375,278.8599853515625,273.153564453125,2389900
2021-02-08,279.69000244140625,280.4200134277344,276.8900146484375,280.0299987792969,274.2996826171875,3475600
2021-02-09,279.6600036621094,280.20001220703125,276.6199951171875,276.7699890136719,271.10638427734375,2507800
2021-02-10,278.0299987792969,278.92999267578125,276.25,278.69000244140625,272.9870910644531,2410600
2021-02-11,277.92999267578125,280.25,276.010009765625,277.05999755859375,271.39044189453125,2595300
2021-02-12,277.1199951171875,278.7099914550781,276.5799865722656,277.510009765625,271.83123779296875,2392200
2021-02-16,277.010009765625,278.6300048828125,274.8800048828125,275.3900146484375,269.7546691894531,2873500
2021-02-17,275.5400085449219,281.7900085449219,275.3999938964844,280.9200134277344,275.1714782714844,3536400
2021-02-18,280.79998779296875,284.67999267578125,279.8299865722656,283.04998779296875,277.25787353515625,3532000
2021-02-19,282.8699951171875,283.9100036621094,279.44000244140625,279.6400146484375,273.9176940917969,4079900
2021-02-22,278.2099914550781,278.489990234375,273.6300048828125,275.8500061035156,270.2052307128906,3995500
2021-02-23,269.3800048828125,269.6700134277344,257.5799865722656,267.239990234375,261.7713928222656,12111000
2021-02-24,263.2300109863281,266.989990234375,254.02999877929688,259.9700012207031,254.65017700195312,14512700
2021-02-25,259.75,260.8999938964844,254.7100067138672,255.25,250.02674865722656,6545400
2021-02-26,257.7699890136719,260.239990234375,256.1099853515625,258.3399963378906,253.05352783203125,7871200
2021-03-01,258.80999755859375,262.4800109863281,258.4700012207031,261.6199951171875,256.2663879394531,4528900
2021-03-02,261.67999267578125,263.1099853515625,259.7699890136719,260.2900085449219,254.963623046875,3740300
2021-03-03,259.2799987792969,260.5,256.010009765625,257.3599853515625,252.0935516357422,4257500
2021-03-04,256.0,256.8599853515625,247.10000610351562,250.92999267578125,245.795166015625,7154900
2021-03-05,252.25999450683594,254.1999969482422,246.58999633789062,253.52000427246094,248.3321533203125,6351800
2021-03-08,254.22999572753906,263.2300109863281,252.52000427246094,259.0299987792969,253.7294158935547,5037400
2021-03-09,262.7300109863281,267.57000732421875,261.7900085449219,264.9599914550781,259.53802490234375,6625300
2021-03-10,265.9200134277344,268.75,264.0799865722656,266.239990234375,262.42608642578125,3798400
2021-03-11,268.6000061035156,270.7799987792969,267.20001220703125,268.8500061035156,264.9986877441406,4371300
2021-03-12,267.45001220703125,273.80999755859375,266.760009765625,273.1000061035156,269.1878356933594,4190500
2021-03-15,274.5,279.6499938964844,274.3399963378906,278.5400085449219,274.5498962402344,4355200
2021-03-16,278.5400085449219,282.5199890136719,277.6499938964844,282.0799865722656,278.0391845703125,4458900
2021-03-17,281.1400146484375,283.8800048828125,279.25,280.0299987792969,276.0185241699219,5908400
2021-03-18,279.0299987792969,285.4700012207031,277.760009765625,283.1600036621094,279.10369873046875,4808100
2021-03-19,283.6400146484375,289.1000061035156,282.42999267578125,289.1000061035156,284.9586181640625,13729200
2021-03-22,286.5,290.3299865722656,284.20001220703125,288.94000244140625,284.8009033203125,5564700
2021-03-23,289.6099853515625,293.42999267578125,288.94000244140625,289.9800109863281,285.82598876953125,4801200
2021-03-24,289.260009765625,296.7799987792969,288.989990234375,292.75,288.55633544921875,4842000
2021-03-25,293.0299987792969,297.8800048828125,292.4599914550781,297.17999267578125,292.9228820800781,5373500
2021-03-26,297.3399963378906,304.0,296.0299987792969,303.80999755859375,299.4578857421875,5865900
2021-03-29,303.29998779296875,305.54998779296875,299.92999267578125,302.20001220703125,297.8709716796875,4642900
2021-03-30,301.6499938964844,305.67999267578125,300.0400085449219,304.82000732421875,300.45343017578125,5045400
2021-03-31,305.5,308.0199890136719,304.1400146484375,305.25,300.8772888183594,4744100
2021-04-01,306.8800048828125,308.54998779296875,303.8900146484375,307.75,303.3414306640625,3923900
2021-04-05,309.8399963378906,315.8500061035156,309.739990234375,315.3999938964844,310.8818664550781,4697200
2021-04-06,313.6099853515625,315.94000244140625,313.1300048828125,313.7799987792969,309.2850646972656,3988600
2021-04-07,312.8399963378906,315.1400146484375,310.92999267578125,312.4700012207031,307.99383544921875,3799300
2021-04-08,312.70001220703125,315.25,310.5899963378906,314.42999267578125,309.9257507324219,4035600
2021-04-09,315.3699951171875,319.32000732421875,314.75,319.2300109863281,314.6570129394531,4607800
2021-04-12,317.7200012207031,321.30999755859375,317.30999755859375,320.7900085449219,316.1946716308594,3556800
2021-04-13,320.5299987792969,320.8999938964844,317.0,320.3999938964844,315.81024169921875,3635100
2021-04-14,319.7099914550781,322.70001220703125,319.2900085449219,320.0199890136719,315.4356689453125,3440600
2021-04-15,320.2099914550781,323.3999938964844,320.04998779296875,322.739990234375,318.1167297363281,3508200
2021-04-16,324.8399963378906,328.6700134277344,323.94000244140625,328.0799865722656,323.3802185058594,6213100
2021-04-19,326.489990234375,328.8299865722656,325.44000244140625,326.8500061035156,322.1678466796875,4494300
2021-04-20,326.0,327.69000244140625,322.1600036621094,323.9599914550781,319.3192138671875,4462900
2021-04-21,324.9599914550781,327.9100036621094,323.8900146484375,325.95001220703125,321.2807312011719,3740100
2021-04-22,326.20001220703125,326.42999267578125,318.8399963378906,321.4599914550781,316.8550720214844,4875000
2021-04-23,322.19000244140625,325.5299987792969,319.5799865722656,323.8900146484375,319.2502746582031,3405700
2021-04-26,323.67999267578125,324.0,319.32000732421875,319.989990234375,315.4060974121094,2848500
2021-04-27,320.5,322.4700012207031,320.3800048828125,320.5899963378906,315.9975280761719,3335800
2021-04-28,321.95001220703125,322.9599914550781,319.29998779296875,319.7099914550781,315.130126953125,2713400
2021-04-29,321.7099914550781,325.7900085449219,321.0799865722656,325.3399963378906,320.6794738769531,3261900
2021-04-30,325.04998779296875,325.8299865722656,321.6099853515625,323.6700134277344,319.0334167480469,3118700
2021-05-03,326.2799987792969,331.6199951171875,325.67999267578125,330.2699890136719,325.5388488769531,3683700
2021-05-04,329.1199951171875,333.2300109863281,328.8800048828125,332.7699890136719,328.0030212402344,3954400
2021-05-05,334.25,334.25,331.1600036621094,332.04998779296875,327.2933654785156,3227200
2021-05-06,333.6700134277344,337.80999755859375,333.2300109863281,337.5799865722656,332.744140625,3539600
2021-05-07,336.67999267578125,339.80999755859375,335.5299987792969,339.25,334.39019775390625,2998100
2021-05-10,340.45001220703125,345.69000244140625,339.5400085449219,341.1199951171875,336.2333984375,4840600
2021-05-11,337.54998779296875,338.0,328.2099914550781,330.6600036621094,325.92327880859375,5500900
2021-05-12,326.5199890136719,328.79998779296875,316.2699890136719,317.0,312.4589538574219,5822000
2021-05-13,319.0,327.4200134277344,318.69000244140625,325.4200134277344,320.7583312988281,5159800
2021-05-14,326.2900085449219,327.32000732421875,321.8599853515625,323.6300048828125,318.99395751953125,3998000
2021-05-17,321.0,322.8299865722656,315.30999755859375,320.010009765625,315.42584228515625,4388000
2021-05-18,320.0,324.55999755859375,314.7799987792969,316.75,312.2125244140625,7010300
2021-05-19,312.0,314.75,309.07000732421875,314.45001220703125,309.94549560546875,5242100
2021-05-20,314.8900146484375,319.7099914550781,314.8900146484375,315.8999938964844,311.37469482421875,3854700
2021-05-21,317.0,319.2799987792969,314.45001220703125,315.7699890136719,311.2465515136719,3920600
2021-05-24,316.8399963378906,318.739990234375,314.5899963378906,314.8399963378906,310.32989501953125,2930600
2021-05-25,315.5299987792969,317.1000061035156,314.25,316.75,312.2125244140625,3523300
2021-05-26,317.80999755859375,321.3800048828125,316.67999267578125,317.3299865722656,312.7842102050781,2881600
2021-05-27,317.29998779296875,320.4100036621094,317.29998779296875,318.7699890136719,314.20361328125,3734800
2021-05-28,320.3699951171875,321.510009765625,318.8500061035156,318.9100036621094,314.34161376953125,3194000
2021-06-01,320.6600036621094,321.260009765625,315.1700134277344,316.30999755859375,311.77880859375,3549800
2021-06-02,315.4800109863281,316.9800109863281,312.4100036621094,313.2300109863281,310.3619689941406,3380100
2021-06-03,311.0,312.92999267578125,309.69000244140625,311.42999267578125,308.57843017578125,2652500
2021-06-04,312.1099853515625,313.45001220703125,309.3500061035156,311.010009765625,308.1622619628906,2638700
2021-06-07,311.1199951171875,312.3299865722656,307.8800048828125,309.9599914550781,307.1218566894531,3974800
2021-06-08,311.2699890136719,312.2900085449219,308.9800109863281,310.8999938964844,308.0532531738281,2913500
2021-06-09,311.45001220703125,312.9800109863281,306.8999938964844,307.3399963378906,304.52587890625,3603700
2021-06-10,307.6499938964844,309.6499938964844,306.1400146484375,308.30999755859375,305.48699951171875,3286300
2021-06-11,309.2699890136719,311.239990234375,308.3500061035156,310.7699890136719,307.9244689941406,2785100
2021-06-14,308.92999267578125,310.05999755859375,306.2200012207031,309.32000732421875,306.48773193359375,3393500
2021-06-15,308.75,308.95001220703125,303.489990234375,306.45001220703125,303.64404296875,5270600
2021-06-16,306.69000244140625,307.3500061035156,301.1700134277344,302.7799987792969,300.00762939453125,4492500
2021-06-17,303.04998779296875,305.2099914550781,300.0299987792969,303.1199951171875,300.344482421875,4481100
2021-06-18,299.25,303.8299865722656,298.3999938964844,302.6099853515625,299.83917236328125,8792700
2021-06-21,305.25,308.7200012207031,304.8699951171875,307.6000061035156,304.7834777832031,3774200
2021-06-22,309.1300048828125,314.9100036621094,308.29998779296875,312.7099914550781,309.8466796875,4418400
2021-06-23,312.0199890136719,313.6600036621094,310.6300048828125,311.6700134277344,308.81622314453125,2564500
2021-06-24,313.1199951171875,314.8399963378906,311.6700134277344,311.8399963378906,308.9846496582031,2649200
2021-06-25,312.239990234375,315.4599914550781,311.54998779296875,313.6300048828125,310.7582702636719,11733500
2021-06-28,313.6600036621094,315.2699890136719,311.3699951171875,314.2799987792969,311.4023132324219,2635400
2021-06-29,315.7900085449219,320.29998779296875,315.55999755859375,318.239990234375,315.3260498046875,3150100
2021-06-30,317.94000244140625,320.2900085449219,317.69000244140625,318.8900146484375,315.9701232910156,3061500
2021-07-01,319.9100036621094,321.69000244140625,318.5,321.5400085449219,318.5958557128906,2578000
2021-07-02,322.5299987792969,323.1199951171875,321.3500061035156,322.70001220703125,319.7452087402344,2201600
2021-07-06,322.8299865722656,323.8299865722656,316.79998779296875,319.260009765625,316.33673095703125,3109500
2021-07-07,318.489990234375,324.4200134277344,318.25,323.4800109863281,320.5180969238281,2939900
2021-07-08,319.07000732421875,320.3299865722656,314.79998779296875,318.5400085449219,315.6233215332031,3663000
2021-07-09,320.5400085449219,323.30999755859375,320.17999267578125,322.0899963378906,319.14080810546875,2587400
2021-07-12,321.07000732421875,324.0,320.5299987792969,321.739990234375,318.79400634765625,2521800
2021-07-13,322.44000244140625,323.2900085449219,316.8299865722656,317.04998779296875,314.1469421386719,3213800
2021-07-14,318.75,320.05999755859375,318.010009765625,319.2200012207031,316.2970886230469,3381600
2021-07-15,317.3800048828125,322.9599914550781,317.3599853515625,322.7099914550781,319.755126953125,2603900
2021-07-16,324.0,326.2799987792969,321.3999938964844,321.5400085449219,318.5958557128906,3623700
2021-07-19,317.989990234375,319.0,314.9100036621094,318.8699951171875,315.9502868652344,3752600
2021-07-20,318.5,326.1300048828125,318.2699890136719,325.3500061035156,322.3709716796875,4251700
2021-07-21,327.6000061035156,328.4700012207031,324.9700012207031,326.3599853515625,323.3717041015625,2832600
2021-07-22,327.94000244140625,327.9700012207031,325.3299865722656,326.6600036621094,323.6689758300781,2208100
2021-07-23,329.4700012207031,333.45001220703125,327.94000244140625,332.8399963378906,329.7923583984375,2786400
2021-07-26,330.07000732421875,331.55999755859375,326.8800048828125,331.17999267578125,328.1475524902344,2752000
2021-07-27,331.7900085449219,331.8800048828125,326.05999755859375,327.260009765625,324.26348876953125,2910300
2021-07-28,326.4200134277344,329.3299865722656,324.7099914550781,325.5199890136719,322.5393981933594,2376200
2021-07-29,326.489990234375,328.55999755859375,325.44000244140625,327.42999267578125,324.431884765625,2172400
2021-07-30,326.8500061035156,330.1099853515625,326.3399963378906,328.19000244140625,325.1849670410156,2381200
2021-08-02,330.0,330.0,326.4200134277344,327.2200012207031,324.22381591796875,2016400
2021-08-03,328.3500061035156,333.010009765625,328.0299987792969,331.94000244140625,328.9006042480469,2405900
2021-08-04,330.69000244140625,331.9200134277344,329.3900146484375,330.30999755859375,327.2855224609375,1783700
2021-08-05,331.9599914550781,336.0,331.0899963378906,333.1099853515625,330.0599060058594,2284000
2021-08-06,334.69000244140625,335.7099914550781,329.1199951171875,329.8399963378906,326.8198547363281,2656600
2021-08-09,329.2300109863281,331.07000732421875,327.32000732421875,328.760009765625,325.749755859375,1995300
2021-08-10,328.6700134277344,333.239990234375,327.1499938964844,331.4800109863281,328.44482421875,1868100
2021-08-11,333.79998779296875,338.54998779296875,333.3999938964844,337.0,333.914306640625,3258600
2021-08-12,337.3500061035156,338.1700134277344,332.2799987792969,334.0199890136719,330.9615783691406,2554200
2021-08-13,333.8599853515625,335.79998779296875,330.9800109863281,331.32000732421875,328.2862854003906,2216300
2021-08-16,330.7099914550781,335.6300048828125,327.9700012207031,335.04998779296875,331.9821472167969,3496300
2021-08-17,321.0,323.5899963378906,316.6099853515625,320.75,317.8130798339844,9322800
2021-08-18,319.3399963378906,327.8599853515625,319.0,321.54998779296875,318.6057434082031,4880600
2021-08-19,318.7900085449219,325.19000244140625,317.79998779296875,322.8999938964844,319.943359375,2974700
2021-08-20,322.6400146484375,329.67999267578125,322.4700012207031,329.239990234375,326.225341796875,2929200
2021-08-23,330.0,330.5299987792969,327.3800048828125,327.739990234375,324.7390441894531,2792700
2021-08-24,328.760009765625,328.8399963378906,324.510009765625,324.8999938964844,321.9250793457031,2359500
2021-08-25,324.1499938964844,326.55999755859375,323.1099853515625,323.8800048828125,320.9143981933594,2586900
2021-08-26,323.2099914550781,324.989990234375,321.0,321.4800109863281,318.5364074707031,2952300
2021-08-27,320.8800048828125,324.04998779296875,319.6499938964844,323.3800048828125,320.41900634765625,2984900
2021-08-30,325.9100036621094,329.5,325.2099914550781,327.1000061035156,324.1049499511719,2926900
2021-08-31,327.0,328.2699890136719,323.6199951171875,326.17999267578125,323.193359375,4183100
2021-09-01,325.55999755859375,325.7799987792969,320.2799987792969,323.6400146484375,322.3070373535156,3339100
2021-09-02,325.0299987792969,328.17999267578125,323.70001220703125,327.739990234375,326.3901062011719,3109000
2021-09-03,325.3299865722656,330.8999938964844,325.1600036621094,330.3399963378906,328.9794006347656,2774800
2021-09-07,331.0299987792969,332.55999755859375,326.8999938964844,328.95001220703125,327.59515380859375,2555200
2021-09-08,328.95001220703125,331.92999267578125,327.6300048828125,331.5799865722656,330.21429443359375,2219500
2021-09-09,332.45001220703125,333.7300109863281,330.8699951171875,331.7699890136719,330.40350341796875,3011900
2021-09-10,334.0,335.2300109863281,331.45001220703125,331.95001220703125,330.5827941894531,3178200
2021-09-13,334.95001220703125,337.1499938964844,332.75,335.45001220703125,334.0683898925781,3908700
2021-09-14,336.0299987792969,337.489990234375,332.4200134277344,333.1199951171875,331.7479553222656,2857200
2021-09-15,333.3599853515625,334.6700134277344,330.1000061035156,333.3699951171875,331.9969177246094,2875500
2021-09-16,334.7200012207031,337.8399963378906,334.1700134277344,336.3900146484375,335.0045166015625,3043800
2021-09-17,334.95001220703125,339.6499938964844,334.95001220703125,335.6700134277344,334.2874755859375,7098400
2021-09-20,331.8299865722656,335.3900146484375,328.42999267578125,331.2099914550781,329.8458251953125,4036600
2021-09-21,333.0299987792969,336.9700012207031,332.0,334.2200012207031,332.84344482421875,3171100
2021-09-22,335.8500061035156,339.0,333.4599914550781,335.92999267578125,334.54638671875,2872800
2021-09-23,337.8399963378906,339.5199890136719,335.6000061035156,335.9100036621094,334.5264892578125,2426600
2021-09-24,336.7799987792969,337.8399963378906,335.54998779296875,337.489990234375,336.0999450683594,2004900
2021-09-27,336.8699951171875,343.739990234375,336.8699951171875,341.4100036621094,340.0038146972656,2966100
2021-09-28,341.3699951171875,341.3699951171875,332.4599914550781,333.79998779296875,332.4251403808594,3304100
2021-09-29,333.3599853515625,338.8800048828125,333.3599853515625,336.92999267578125,335.5422668457031,2424000
2021-09-30,338.239990234375,338.7099914550781,327.6300048828125,328.260009765625,326.9079895019531,4255000
2021-10-01,328.1499938964844,332.7300109863281,324.5799865722656,329.8599853515625,328.5013732910156,2814200
2021-10-04,328.5,330.6099853515625,324.1600036621094,326.4700012207031,325.1253662109375,2919900
2021-10-05,326.8999938964844,332.19000244140625,326.3299865722656,329.4800109863281,328.1229553222656,2514300
2021-10-06,328.1600036621094,330.6499938964844,325.3999938964844,330.3599853515625,328.99932861328125,2226800
2021-10-07,333.5,339.2200012207031,332.8599853515625,337.4800109863281,336.09002685546875,2789500
2021-10-08,333.0,335.4100036621094,330.8800048828125,334.3399963378906,332.96295166015625,2912200
2021-10-11,335.6000061035156,340.8599853515625,334.6000061035156,336.9700012207031,335.5821228027344,2589100
2021-10-12,339.1400146484375,341.04998779296875,337.3999938964844,337.79998779296875,336.40869140625,2960300
2021-10-13,337.32000732421875,340.239990234375,336.54998779296875,338.2799987792969,336.88671875,2477400
2021-10-14,340.5299987792969,344.3699951171875,340.1000061035156,344.04998779296875,342.6329345703125,2824300
2021-10-15,346.5400085449219,350.95001220703125,345.75,350.4100036621094,348.9667663574219,3472400
2021-10-18,349.0,355.95001220703125,349.0,355.010009765625,353.5478210449219,3487500
2021-10-19,356.94000244140625,358.0899963378906,354.4200134277344,357.989990234375,356.5155334472656,2375600
2021-10-20,357.739990234375,359.57000732421875,356.2099914550781,358.2300109863281,356.7545471191406,2574800
2021-10-21,358.20001220703125,364.8500061035156,358.1199951171875,364.6199951171875,363.11822509765625,2885400
2021-10-22,365.0,367.0299987792969,362.1499938964844,365.989990234375,364.4825744628906,2734700
2021-10-25,367.20001220703125,371.6600036621094,365.989990234375,371.260009765625,369.73089599609375,2923400
2021-10-26,373.3900146484375,374.04998779296875,369.0799865722656,369.20001220703125,367.67938232421875,2989500
2021-10-27,369.8699951171875,375.1499938964844,369.30999755859375,372.32000732421875,370.7865295410156,2840300
2021-10-28,373.0,373.94000244140625,370.8900146484375,371.57000732421875,370.03961181640625,2553500
2021-10-29,370.3299865722656,375.1499938964844,370.0299987792969,371.739990234375,370.2088928222656,3819300
2021-11-01,373.0,373.57000732421875,364.70001220703125,366.4800109863281,364.9705810546875,3380500
2021-11-02,366.20001220703125,368.8900146484375,364.94000244140625,367.2900085449219,365.7772216796875,2367100
2021-11-03,366.6300048828125,369.3599853515625,365.25,368.9700012207031,367.4503173828125,2378800
2021-11-04,370.7799987792969,373.2300109863281,369.4100036621094,372.17999267578125,370.6470947265625,3210000
2021-11-05,373.80999755859375,374.4100036621094,367.57000732421875,368.3999938964844,366.8826599121094,3088900
2021-11-08,370.2200012207031,372.9100036621094,367.8500061035156,368.5899963378906,367.0718688964844,2357200
2021-11-09,369.6700134277344,373.8800048828125,368.7099914550781,370.6499938964844,369.1233825683594,2183300
2021-11-10,368.25,371.2099914550781,367.7200012207031,368.5799865722656,367.0618896484375,2161400
2021-11-11,371.0,372.0,365.8299865722656,367.6300048828125,366.1158447265625,2387300
2021-11-12,369.1199951171875,373.5,366.70001220703125,372.6300048828125,371.0952453613281,2792600
2021-11-15,374.3900146484375,374.8699951171875,369.2900085449219,371.0799865722656,369.5516052246094,3650600
2021-11-16,382.0,394.3800048828125,379.0,392.3299865722656,390.7140808105469,8648200
2021-11-17,392.8299865722656,399.42999267578125,390.80999755859375,394.8500061035156,393.2237243652344,4647000
2021-11-18,398.0,406.5400085449219,396.0899963378906,405.8500061035156,404.17840576171875,4503700
2021-11-19,407.6300048828125,410.1000061035156,404.1099853515625,408.69000244140625,407.0067138671875,3542000
2021-11-22,409.79998779296875,416.55999755859375,408.70001220703125,408.7900085449219,407.1063232421875,4006400
2021-11-23,405.6700134277344,409.67999267578125,403.010009765625,408.3699951171875,406.6880187988281,3557000
2021-11-24,403.6600036621094,412.75,402.8800048828125,412.1099853515625,410.41259765625,2676300
2021-11-26,407.260009765625,414.1400146484375,402.25,402.70001220703125,401.0413818359375,3007800
2021-11-29,406.8999938964844,410.80999755859375,406.0400085449219,406.82000732421875,405.1444091796875,3725500
2021-11-30,403.5899963378906,408.42999267578125,400.25,400.6099853515625,398.9599914550781,7773500
2021-12-01,402.0799865722656,410.25,400.2200012207031,400.4200134277344,400.4200134277344,3516200
2021-12-02,401.80999755859375,410.70001220703125,401.0,407.7699890136719,407.7699890136719,3705000
2021-12-03,409.8500061035156,415.92999267578125,404.45001220703125,407.80999755859375,407.80999755859375,5236900
2021-12-06,413.5199890136719,420.6099853515625,411.2200012207031,415.70001220703125,415.70001220703125,4624500
2021-12-07,417.0,418.55999755859375,413.0199890136719,416.17999267578125,416.17999267578125,4204500
2021-12-08,416.17999267578125,419.8500061035156,408.2799987792969,411.25,411.25,4079400
2021-12-09,410.79998779296875,415.25,408.2900085449219,411.3399963378906,411.3399963378906,3822900
2021-12-10,412.19000244140625,415.6099853515625,410.260009765625,415.3999938964844,415.3999938964844,2621900
2021-12-13,415.3999938964844,416.5,404.510009765625,405.239990234375,405.239990234375,3766400
2021-12-14,403.45001220703125,405.67999267578125,398.0799865722656,402.20001220703125,402.20001220703125,4662800
2021-12-15,400.6199951171875,407.92999267578125,399.3900146484375,407.80999755859375,407.80999755859375,4421400
2021-12-16,408.3999938964844,408.8699951171875,398.1199951171875,399.5299987792969,399.5299987792969,4632800
2021-12-17,396.9700012207031,397.9800109863281,387.4200134277344,387.9800109863281,387.9800109863281,11097500
2021-12-20,384.2900085449219,390.1700134277344,380.8999938964844,389.3999938964844,389.3999938964844,4294800
2021-12-21,391.6300048828125,393.760009765625,383.239990234375,390.4700012207031,390.4700012207031,3038200
2021-12-22,391.0,395.7699890136719,388.8599853515625,395.6400146484375,395.6400146484375,3267800
2021-12-23,398.2900085449219,399.8399963378906,394.6199951171875,397.07000732421875,397.07000732421875,2743900
2021-12-27,399.0400085449219,404.45001220703125,398.2099914550781,404.0899963378906,404.0899963378906,2228300
2021-12-28,404.989990234375,407.0199890136719,403.0,406.2200012207031,406.2200012207031,2521400
2021-12-29,406.3800048828125,412.3699951171875,406.30999755859375,410.8399963378906,410.8399963378906,2209300
2021-12-30,411.8500061035156,413.44000244140625,408.3999938964844,409.94000244140625,409.94000244140625,1804400
2021-12-31,409.989990234375,416.5299987792969,409.8900146484375,415.010009765625,415.010009765625,2386100
2022-01-03,416.57000732421875,417.8399963378906,403.260009765625,408.6400146484375,408.6400146484375,3715700
2022-01-04,408.6400146484375,413.6099853515625,408.19000244140625,412.8399963378906,412.8399963378906,3266500
2022-01-05,414.0,414.2200012207031,406.80999755859375,407.239990234375,407.239990234375,4443200
2022-01-06,408.55999755859375,409.07000732421875,403.0199890136719,405.760009765625,405.760009765625,3315100
2022-01-07,403.3599853515625,404.0899963378906,392.8800048828125,393.6099853515625,393.6099853515625,4519600
2022-01-10,387.3999938964844,387.5899963378906,380.9100036621094,387.4599914550781,387.4599914550781,6440000
2022-01-11,388.07000732421875,391.8399963378906,384.32000732421875,386.6700134277344,386.6700134277344,4385400
2022-01-12,388.2900085449219,393.45001220703125,386.3800048828125,389.3999938964844,389.3999938964844,3623300
2022-01-13,392.510009765625,394.30999755859375,385.8599853515625,386.9800109863281,386.9800109863281,3466300
2022-01-14,381.3299865722656,382.010009765625,371.5,372.0,372.0,6334700
2022-01-18,366.1000061035156,368.0899963378906,360.0299987792969,366.7200012207031,366.7200012207031,6435200
2022-01-19,367.17999267578125,368.70001220703125,359.4100036621094,359.69000244140625,359.69000244140625,5175100
2022-01-20,361.3299865722656,361.8500061035156,349.0199890136719,349.5799865722656,349.5799865722656,5440600
2022-01-21,351.7200012207031,360.0899963378906,347.17999267578125,349.1000061035156,349.1000061035156,7718400
2022-01-24,343.7799987792969,364.3800048828125,343.6099853515625,363.80999755859375,363.80999755859375,8584300
2022-01-25,358.1400146484375,361.5199890136719,352.19000244140625,358.9800109863281,358.9800109863281,5536700
2022-01-26,360.0,365.8999938964844,354.45001220703125,357.2799987792969,357.2799987792969,6103300
2022-01-27,360.42999267578125,364.1199951171875,353.9100036621094,356.42999267578125,356.42999267578125,3941000
2022-01-28,360.1700134277344,366.7200012207031,352.8399963378906,366.5400085449219,366.5400085449219,4551300
2022-01-31,364.80999755859375,367.4100036621094,362.2099914550781,366.9800109863281,366.9800109863281,4084600
2022-02-01,369.4700012207031,370.69000244140625,362.3699951171875,368.70001220703125,368.70001220703125,3406800
2022-02-02,368.3800048828125,374.6700134277344,367.760009765625,373.7300109863281,373.7300109863281,3839300
2022-02-03,370.19000244140625,372.1199951171875,363.20001220703125,364.80999755859375,364.80999755859375,4009700
2022-02-04,363.5,364.6700134277344,354.25,359.6700134277344,359.6700134277344,3727400
2022-02-07,360.260009765625,361.79998779296875,355.44000244140625,357.3500061035156,357.3500061035156,2809300
2022-02-08,357.3500061035156,362.9800109863281,354.79998779296875,361.44000244140625,361.44000244140625,3225100
2022-02-09,365.30999755859375,367.4599914550781,363.0,364.3699951171875,364.3699951171875,2777500
2022-02-10,358.8399963378906,363.0,352.8699951171875,355.0899963378906,355.0899963378906,4291800
2022-02-11,354.69000244140625,357.3399963378906,348.55999755859375,350.2900085449219,350.2900085449219,3305200
2022-02-14,348.0,352.9100036621094,346.8299865722656,351.55999755859375,351.55999755859375,3654000
2022-02-15,355.55999755859375,357.4200134277344,351.3800048828125,353.260009765625,353.260009765625,3552500
